{
  "best_metric": null,
  "best_model_checkpoint": null,
  "epoch": 5.0,
  "eval_steps": 500,
  "global_step": 625,
  "is_hyper_param_search": false,
  "is_local_process_zero": true,
  "is_world_process_zero": true,
  "log_history": [
    {
      "epoch": 0.08,
      "grad_norm": 1.3116511106491089,
      "learning_rate": 4.996842391515044e-05,
      "loss": 1.7373,
      "step": 10
    },
    {
      "epoch": 0.16,
      "grad_norm": 1.7014236450195312,
      "learning_rate": 4.987377542453251e-05,
      "loss": 1.5672,
      "step": 20
    },
    {
      "epoch": 0.24,
      "grad_norm": 1.8542171716690063,
      "learning_rate": 4.971629361844785e-05,
      "loss": 1.5387,
      "step": 30
    },
    {
      "epoch": 0.32,
      "grad_norm": 2.225585460662842,
      "learning_rate": 4.949637630960617e-05,
      "loss": 1.607,
      "step": 40
    },
    {
      "epoch": 0.4,
      "grad_norm": 2.1548736095428467,
      "learning_rate": 4.9214579028215776e-05,
      "loss": 1.6096,
      "step": 50
    },
    {
      "epoch": 0.48,
      "grad_norm": 2.83056902885437,
      "learning_rate": 4.887161361866608e-05,
      "loss": 1.5815,
      "step": 60
    },
    {
      "epoch": 0.56,
      "grad_norm": 2.4053475856781006,
      "learning_rate": 4.846834644134686e-05,
      "loss": 1.6143,
      "step": 70
    },
    {
      "epoch": 0.64,
      "grad_norm": 2.398397922515869,
      "learning_rate": 4.800579618414676e-05,
      "loss": 1.5887,
      "step": 80
    },
    {
      "epoch": 0.72,
      "grad_norm": 2.6146445274353027,
      "learning_rate": 4.7485131289159276e-05,
      "loss": 1.4974,
      "step": 90
    },
    {
      "epoch": 0.8,
      "grad_norm": 2.6060168743133545,
      "learning_rate": 4.690766700109659e-05,
      "loss": 1.534,
      "step": 100
    },
    {
      "epoch": 0.88,
      "grad_norm": 2.759748935699463,
      "learning_rate": 4.6274862044867304e-05,
      "loss": 1.4904,
      "step": 110
    },
    {
      "epoch": 0.96,
      "grad_norm": 3.4388065338134766,
      "learning_rate": 4.558831494071069e-05,
      "loss": 1.4844,
      "step": 120
    },
    {
      "epoch": 1.04,
      "grad_norm": 2.7630672454833984,
      "learning_rate": 4.484975996619589e-05,
      "loss": 1.6804,
      "step": 130
    },
    {
      "epoch": 1.12,
      "grad_norm": 3.3126697540283203,
      "learning_rate": 4.40610627752862e-05,
      "loss": 1.3806,
      "step": 140
    },
    {
      "epoch": 1.2,
      "grad_norm": 2.991732120513916,
      "learning_rate": 4.3224215685535294e-05,
      "loss": 1.4732,
      "step": 150
    },
    {
      "epoch": 1.28,
      "grad_norm": 3.2642877101898193,
      "learning_rate": 4.234133264532012e-05,
      "loss": 1.432,
      "step": 160
    },
    {
      "epoch": 1.3599999999999999,
      "grad_norm": 2.944326639175415,
      "learning_rate": 4.1414643893823914e-05,
      "loss": 1.4312,
      "step": 170
    },
    {
      "epoch": 1.44,
      "grad_norm": 3.7119383811950684,
      "learning_rate": 4.044649032725836e-05,
      "loss": 1.4629,
      "step": 180
    },
    {
      "epoch": 1.52,
      "grad_norm": 3.7602591514587402,
      "learning_rate": 3.943931758555669e-05,
      "loss": 1.4813,
      "step": 190
    },
    {
      "epoch": 1.6,
      "grad_norm": 3.013746738433838,
      "learning_rate": 3.8395669874474915e-05,
      "loss": 1.4517,
      "step": 200
    },
    {
      "epoch": 1.6800000000000002,
      "grad_norm": 3.2785353660583496,
      "learning_rate": 3.731818353870729e-05,
      "loss": 1.5092,
      "step": 210
    },
    {
      "epoch": 1.76,
      "grad_norm": 3.6185736656188965,
      "learning_rate": 3.6209580402250815e-05,
      "loss": 1.4353,
      "step": 220
    },
    {
      "epoch": 1.8399999999999999,
      "grad_norm": 3.529470682144165,
      "learning_rate": 3.507266089284157e-05,
      "loss": 1.4563,
      "step": 230
    },
    {
      "epoch": 1.92,
      "grad_norm": 4.415459156036377,
      "learning_rate": 3.3910296967831266e-05,
      "loss": 1.5116,
      "step": 240
    },
    {
      "epoch": 2.0,
      "grad_norm": 4.202850818634033,
      "learning_rate": 3.272542485937369e-05,
      "loss": 1.373,
      "step": 250
    },
    {
      "epoch": 2.08,
      "grad_norm": 3.4362590312957764,
      "learning_rate": 3.152103765724743e-05,
      "loss": 1.3035,
      "step": 260
    },
    {
      "epoch": 2.16,
      "grad_norm": 3.812767744064331,
      "learning_rate": 3.0300177748051373e-05,
      "loss": 1.3763,
      "step": 270
    },
    {
      "epoch": 2.24,
      "grad_norm": 4.083581924438477,
      "learning_rate": 2.9065929129872094e-05,
      "loss": 1.321,
      "step": 280
    },
    {
      "epoch": 2.32,
      "grad_norm": 4.319314479827881,
      "learning_rate": 2.782140962183704e-05,
      "loss": 1.4565,
      "step": 290
    },
    {
      "epoch": 2.4,
      "grad_norm": 3.9078805446624756,
      "learning_rate": 2.656976298823284e-05,
      "loss": 1.2837,
      "step": 300
    },
    {
      "epoch": 2.48,
      "grad_norm": 4.135362148284912,
      "learning_rate": 2.531415099708382e-05,
      "loss": 1.4615,
      "step": 310
    },
    {
      "epoch": 2.56,
      "grad_norm": 3.9553825855255127,
      "learning_rate": 2.4057745433251635e-05,
      "loss": 1.3441,
      "step": 320
    },
    {
      "epoch": 2.64,
      "grad_norm": 3.8617563247680664,
      "learning_rate": 2.280372008623142e-05,
      "loss": 1.6041,
      "step": 330
    },
    {
      "epoch": 2.7199999999999998,
      "grad_norm": 4.672645092010498,
      "learning_rate": 2.155524273288405e-05,
      "loss": 1.394,
      "step": 340
    },
    {
      "epoch": 2.8,
      "grad_norm": 4.569005966186523,
      "learning_rate": 2.031546713535688e-05,
      "loss": 1.3523,
      "step": 350
    },
    {
      "epoch": 2.88,
      "grad_norm": 5.472201347351074,
      "learning_rate": 1.908752507440689e-05,
      "loss": 1.4531,
      "step": 360
    },
    {
      "epoch": 2.96,
      "grad_norm": 5.122552871704102,
      "learning_rate": 1.7874518438250597e-05,
      "loss": 1.2868,
      "step": 370
    },
    {
      "epoch": 3.04,
      "grad_norm": 3.893965244293213,
      "learning_rate": 1.6679511386925337e-05,
      "loss": 1.2308,
      "step": 380
    },
    {
      "epoch": 3.12,
      "grad_norm": 4.701757431030273,
      "learning_rate": 1.5505522611954975e-05,
      "loss": 1.2486,
      "step": 390
    },
    {
      "epoch": 3.2,
      "grad_norm": 5.497875213623047,
      "learning_rate": 1.4355517710873184e-05,
      "loss": 1.3537,
      "step": 400
    },
    {
      "epoch": 3.2800000000000002,
      "grad_norm": 5.103154182434082,
      "learning_rate": 1.3232401695866687e-05,
      "loss": 1.2234,
      "step": 410
    },
    {
      "epoch": 3.36,
      "grad_norm": 4.260616779327393,
      "learning_rate": 1.2139011655462337e-05,
      "loss": 1.3359,
      "step": 420
    },
    {
      "epoch": 3.44,
      "grad_norm": 4.4091410636901855,
      "learning_rate": 1.107810958779531e-05,
      "loss": 1.4016,
      "step": 430
    },
    {
      "epoch": 3.52,
      "grad_norm": 5.125183582305908,
      "learning_rate": 1.0052375423562038e-05,
      "loss": 1.4228,
      "step": 440
    },
    {
      "epoch": 3.6,
      "grad_norm": 4.831427574157715,
      "learning_rate": 9.064400256282757e-06,
      "loss": 1.4196,
      "step": 450
    },
    {
      "epoch": 3.68,
      "grad_norm": 5.094480991363525,
      "learning_rate": 8.116679796974388e-06,
      "loss": 1.4207,
      "step": 460
    },
    {
      "epoch": 3.76,
      "grad_norm": 4.326501369476318,
      "learning_rate": 7.211608069767867e-06,
      "loss": 1.2585,
      "step": 470
    },
    {
      "epoch": 3.84,
      "grad_norm": 5.2961344718933105,
      "learning_rate": 6.3514713643954475e-06,
      "loss": 1.3753,
      "step": 480
    },
    {
      "epoch": 3.92,
      "grad_norm": 4.982347011566162,
      "learning_rate": 5.538442460824417e-06,
      "loss": 1.2325,
      "step": 490
    },
    {
      "epoch": 4.0,
      "grad_norm": 4.923620700836182,
      "learning_rate": 4.7745751406263165e-06,
      "loss": 1.432,
      "step": 500
    },
    {
      "epoch": 4.08,
      "grad_norm": 5.110530853271484,
      "learning_rate": 4.061798998946459e-06,
      "loss": 1.4253,
      "step": 510
    },
    {
      "epoch": 4.16,
      "grad_norm": 4.52674674987793,
      "learning_rate": 3.4019145701791184e-06,
      "loss": 1.2753,
      "step": 520
    },
    {
      "epoch": 4.24,
      "grad_norm": 4.592058181762695,
      "learning_rate": 2.7965887796613884e-06,
      "loss": 1.2803,
      "step": 530
    },
    {
      "epoch": 4.32,
      "grad_norm": 5.3785576820373535,
      "learning_rate": 2.2473507328751086e-06,
      "loss": 1.3044,
      "step": 540
    },
    {
      "epoch": 4.4,
      "grad_norm": 4.963179111480713,
      "learning_rate": 1.7555878527937164e-06,
      "loss": 1.4407,
      "step": 550
    },
    {
      "epoch": 4.48,
      "grad_norm": 5.080644130706787,
      "learning_rate": 1.3225423751313942e-06,
      "loss": 1.3072,
      "step": 560
    },
    {
      "epoch": 4.5600000000000005,
      "grad_norm": 5.299866676330566,
      "learning_rate": 9.493082103478517e-07,
      "loss": 1.2969,
      "step": 570
    },
    {
      "epoch": 4.64,
      "grad_norm": 5.100501537322998,
      "learning_rate": 6.368281803355691e-07,
      "loss": 1.2232,
      "step": 580
    },
    {
      "epoch": 4.72,
      "grad_norm": 4.8333001136779785,
      "learning_rate": 3.8589163676986674e-07,
      "loss": 1.4301,
      "step": 590
    },
    {
      "epoch": 4.8,
      "grad_norm": 4.695369243621826,
      "learning_rate": 1.9713246713805588e-07,
      "loss": 1.142,
      "step": 600
    },
    {
      "epoch": 4.88,
      "grad_norm": 5.312130928039551,
      "learning_rate": 7.102749348465165e-08,
      "loss": 1.3469,
      "step": 610
    },
    {
      "epoch": 4.96,
      "grad_norm": 5.089557647705078,
      "learning_rate": 7.895267917501504e-09,
      "loss": 1.2388,
      "step": 620
    },
    {
      "epoch": 5.0,
      "step": 625,
      "total_flos": 6.82770522219479e+16,
      "train_loss": 1.413010009765625,
      "train_runtime": 586.1564,
      "train_samples_per_second": 4.265,
      "train_steps_per_second": 1.066
    }
  ],
  "logging_steps": 10,
  "max_steps": 625,
  "num_input_tokens_seen": 0,
  "num_train_epochs": 5,
  "save_steps": 500.0,
  "stateful_callbacks": {
    "TrainerControl": {
      "args": {
        "should_epoch_stop": false,
        "should_evaluate": false,
        "should_log": false,
        "should_save": false,
        "should_training_stop": false
      },
      "attributes": {}
    }
  },
  "total_flos": 6.82770522219479e+16,
  "train_batch_size": 4,
  "trial_name": null,
  "trial_params": null
}
